{"name":"sbt","version":"1.5.2","bspVersion":"2.0.0-M5","languages":["scala"],"argv":["/Users/kaavyanraghavan/Library/Java/JavaVirtualMachines/corretto-1.8.0_302/Contents/Home/jre/bin/java","-Xms100m","-Xmx100m","-classpath","/Users/kaavyanraghavan/Library/Application Support/JetBrains/IntelliJIdea2021.2/plugins/Scala/launcher/sbt-launch.jar","xsbt.boot.Boot","-bsp","--sbt-launch-jar=/Users/kaavyanraghavan/Library/Application%20Support/JetBrains/IntelliJIdea2021.2/plugins/Scala/launcher/sbt-launch.jar"]}